time,ax (m/s^2),ay (m/s^2),az (m/s^2),aT (m/s^2)
0.002827,0.1581,0.0567,-0.2660,0.315
0.003417,0.1549,0.0362,-0.2647,0.309
0.003962,0.1111,0.0545,-0.2968,0.322
0.006933,0.0841,0.0354,-0.2813,0.296
0.012659,0.0619,0.0268,-0.2472,0.256
0.020744,0.0563,0.0426,-0.1756,0.189
0.021868,0.0528,0.0326,-0.0668,0.091
0.027820,0.0349,0.0444,-0.0159,0.059
0.031054,-0.0045,0.0777,0.0392,0.087
0.035523,-0.0390,0.1014,0.0084,0.109
0.040584,-0.0661,0.0873,-0.0175,0.111
0.045349,-0.0786,0.0429,-0.0243,0.093
0.050005,-0.0695,0.0084,-0.0405,0.081
0.055485,-0.0555,0.0054,-0.0733,0.092
0.060189,-0.0105,-0.0236,-0.1011,0.104
0.065008,-0.0108,-0.0214,-0.1571,0.159
0.069690,0.0460,-0.0191,-0.1890,0.195
0.073814,0.0314,-0.0451,-0.2158,0.223
0.078816,0.0240,-0.0518,-0.2069,0.215
0.083230,0.0475,-0.0631,-0.2005,0.215
0.088135,0.0376,-0.0435,-0.1680,0.178
0.093369,0.0374,-0.0571,-0.1263,0.144
0.098097,0.0426,-0.0515,-0.1016,0.122
0.102868,0.0149,-0.0198,-0.0747,0.079
0.108315,-0.0241,-0.0071,-0.0623,0.067
0.112451,-0.0414,0.0033,-0.0595,0.073
0.116588,-0.0752,0.0045,-0.0616,0.097
0.121397,-0.1045,0.0131,-0.0472,0.115
0.129027,-0.1030,0.0385,-0.0425,0.118
0.131320,-0.0781,0.0165,-0.0687,0.105
0.137753,-0.0845,0.0115,-0.0782,0.116
0.142015,-0.0505,0.0116,-0.0616,0.080
0.145362,-0.0595,-0.0049,-0.0309,0.067
0.150131,-0.0472,0.0073,-0.0029,0.048
0.154224,-0.0423,0.0004,0.0321,0.053
0.159034,-0.0613,-0.0066,0.0833,0.104
0.163881,-0.0445,-0.0041,0.1129,0.121
0.168838,-0.0184,0.0147,0.1280,0.130
0.173902,-0.0280,0.0024,0.1121,0.116
0.178648,-0.0041,-0.0027,0.0680,0.068
0.183849,0.0102,0.0182,0.0574,0.061
0.188399,0.0506,0.0033,0.0114,0.052
0.192887,0.0573,-0.0066,0.0037,0.058
0.197328,0.0331,-0.0116,-0.0064,0.036
0.202200,0.0327,-0.0119,-0.0305,0.046
0.207265,0.0254,-0.0264,-0.0616,0.072
0.212350,0.0088,-0.0147,-0.0616,0.064
0.217004,-0.0122,-0.0270,-0.0781,0.084
0.221806,-0.0185,-0.0038,-0.0565,0.060
0.228647,-0.0319,0.0119,-0.0350,0.049
0.230989,-0.0285,0.0081,0.0315,0.043
0.235725,-0.0061,0.0182,0.0739,0.076
0.240961,-0.0122,0.0208,0.0946,0.098
0.244791,-0.0160,0.0209,0.0985,0.102
0.253201,0.0110,0.0066,0.1096,0.110
0.254953,0.0115,0.0091,0.1110,0.112
0.260182,-0.0145,0.0234,0.1314,0.134
0.265425,0.0019,0.0424,0.1469,0.153
0.269314,-0.0153,0.0209,0.1337,0.136
0.273826,-0.0110,0.0256,0.0780,0.083
0.278355,0.0075,0.0279,0.0369,0.047
0.282944,0.0473,0.0373,0.0009,0.060
0.287632,0.0704,0.0299,-0.0418,0.087
0.293154,0.0436,0.0106,-0.0533,0.070
0.298598,0.0599,0.0222,-0.0837,0.105
0.302962,0.0858,0.0101,-0.0948,0.128
0.307182,0.0856,0.0027,-0.0845,0.120
0.311424,0.0809,-0.0046,-0.0955,0.125
0.319614,0.0552,-0.0214,-0.0638,0.087
0.320974,0.0467,-0.0215,-0.0488,0.071
0.326169,0.0363,-0.0287,-0.0625,0.078
0.330611,0.0144,-0.0241,-0.0285,0.040
0.335409,-0.0141,-0.0123,-0.0091,0.021
0.339935,-0.0068,-0.0005,0.0149,0.016
0.345306,-0.0210,0.0064,0.0245,0.033
0.350162,-0.0565,0.0513,0.0268,0.081
0.354215,-0.1130,0.0485,-0.0041,0.123
0.359021,-0.1334,0.0718,-0.0134,0.152
0.364233,-0.1179,0.0785,-0.0392,0.147
0.369285,-0.1405,0.0996,-0.0697,0.186
0.373793,-0.1605,0.1041,-0.0905,0.212
0.378532,-0.1426,0.1371,-0.0185,0.199
0.383378,0.1041,0.1624,0.2711,0.333
0.388064,0.0966,0.1655,0.3283,0.380
0.392680,-0.0412,0.1280,0.2450,0.280
0.397676,-0.1632,0.0764,0.2172,0.282
0.402012,-0.2458,0.0439,0.1896,0.314
0.406545,-0.2427,0.0017,0.2502,0.349
0.411918,-0.1979,-0.0075,0.3198,0.376
0.416606,-0.1431,-0.0196,0.3201,0.351
0.421646,-0.1043,-0.0344,0.2373,0.262
0.425939,-0.1121,-0.0209,0.1149,0.162
0.430625,-0.1112,-0.0170,0.0148,0.113
0.434884,-0.0704,-0.0295,-0.1106,0.134
0.439682,-0.0064,-0.0534,-0.2303,0.237
0.444605,0.0547,-0.0479,-0.3232,0.331
0.449514,0.0920,-0.0773,-0.4035,0.421
0.454694,0.1533,-0.0417,-0.4809,0.506
0.459506,0.1891,-0.0386,-0.5437,0.577
0.464501,0.1784,-0.0582,-0.5800,0.610
0.468951,0.1689,-0.0908,-0.5734,0.605
0.472976,0.1913,-0.1150,-0.5007,0.548
0.478052,0.1760,-0.1238,-0.4217,0.473
0.482621,0.2345,-0.1484,-0.3151,0.420
0.487285,0.4251,-0.2003,-0.1788,0.503
0.492835,0.4998,-0.2531,-0.1601,0.583
0.497319,0.4152,-0.3139,-0.1774,0.550
0.502092,0.3130,-0.3449,-0.1663,0.495
0.507157,0.1889,-0.3416,-0.1198,0.408
0.511184,0.1186,-0.2694,0.0047,0.294
0.515951,0.0749,-0.2170,0.1685,0.285
0.521061,0.0664,-0.1324,0.3026,0.337
0.525148,0.0713,-0.0754,0.3716,0.386
0.530077,0.0325,-0.0148,0.3737,0.375
0.535293,0.0054,0.0256,0.3594,0.360
0.540343,-0.0099,0.0508,0.3239,0.328
0.544999,-0.0510,0.0373,0.2984,0.305
0.549716,-0.0820,0.0563,0.2828,0.300
0.553894,-0.0823,0.0864,0.3553,0.375
0.558804,-0.0559,0.1655,0.5648,0.591
0.563533,-0.0577,0.1388,0.4902,0.513
0.568343,-0.1097,0.1023,0.2764,0.315
0.573671,-0.1391,0.0844,0.0907,0.186
0.578466,-0.1667,0.1113,-0.0268,0.202
0.583368,-0.1478,0.1373,-0.0910,0.221
0.587623,-0.1380,0.1934,-0.0880,0.253
0.592496,-0.1186,0.2484,-0.0872,0.289
0.596939,-0.1323,0.2479,-0.1171,0.304
0.601713,-0.1478,0.2091,-0.2013,0.326
0.606314,-0.1386,0.1775,-0.2562,0.341
0.611890,-0.1218,0.1390,-0.2964,0.349
0.618168,-0.0998,0.1103,-0.2958,0.331
0.621286,-0.0991,0.0846,-0.2882,0.316
0.631271,-0.0864,0.0643,-0.2998,0.319
0.632390,-0.0904,0.0331,-0.2877,0.303
0.634833,-0.1323,-0.0395,-0.3139,0.343
0.639656,-0.1573,-0.1198,-0.2880,0.349
0.644495,-0.1636,-0.1955,-0.2485,0.356
0.649433,-0.1947,-0.2951,-0.1741,0.394
0.655131,-0.2200,-0.3445,-0.0700,0.415
0.659236,-0.2446,-0.3655,0.0539,0.443
0.663970,-0.2452,-0.4292,0.1763,0.525
0.669205,-0.2056,-0.5187,0.3610,0.665
0.673189,-0.1572,-0.6316,0.5626,0.860
0.677804,-0.1667,-0.7253,0.7881,1.084
0.682654,-0.1293,-0.7623,0.9876,1.254
0.687910,-0.1260,-0.7224,1.1567,1.370
0.692560,-0.0697,-0.7066,1.3670,1.540
0.697331,-0.0221,-0.6837,1.3168,1.484
0.701948,0.0300,-0.2605,1.0608,1.093
0.706851,0.0838,0.1125,0.8833,0.894
0.710851,0.0860,0.3873,0.7364,0.837
0.717245,0.0466,0.6302,0.6842,0.931
0.727836,0.0084,0.7338,0.6643,0.990
0.728825,-0.0903,0.7537,0.5507,0.938
0.730355,-0.2294,0.6788,0.3560,0.800
0.735233,-0.3193,0.5741,0.1971,0.686
0.740189,-0.5573,0.4105,-0.0800,0.697
0.744806,-0.6119,0.4073,0.3210,0.802
0.749427,-0.5225,0.6110,1.3039,1.532
0.754303,-0.1018,0.7345,1.2283,1.435
0.758313,-0.0367,0.8042,0.1076,0.812
0.763555,-0.1700,0.8274,-1.0342,1.335
0.768042,-0.1308,0.7063,-1.6631,1.812
0.773136,0.0300,0.5049,-1.7411,1.813
0.777886,0.2146,0.2270,-1.4132,1.447
0.783031,0.4168,-0.0738,-1.0341,1.117
0.787429,0.5588,-0.3684,-0.7564,1.010
0.791566,0.7171,-0.6234,-0.6459,1.149
0.796488,0.8308,-0.7297,-0.6465,1.281
0.801377,0.8136,-0.5223,-0.7621,1.231
0.806099,0.6222,-0.0922,-0.8042,1.021
0.812032,0.3269,0.3256,-0.6973,0.836
0.816444,0.0924,0.5617,-0.5870,0.818
0.824827,-0.0957,0.6617,-0.5159,0.845
0.826013,-0.2492,0.6334,-0.4955,0.842
0.834702,-0.3711,0.5654,-0.4658,0.821
0.835694,-0.4709,0.4793,-0.4459,0.806
0.839012,-0.5182,0.3660,-0.4643,0.786
0.843714,-0.5156,0.2688,-0.5231,0.782
0.848599,-0.4112,0.1572,-0.5486,0.703
0.853682,-0.3337,-0.0064,-0.5719,0.662
0.858492,-0.2375,-0.1313,-0.6002,0.659
0.863422,-0.1106,-0.2371,-0.5788,0.635
0.868710,0.0590,-0.2839,-0.5032,0.581
0.873119,0.1758,-0.3035,-0.4402,0.563
0.878883,0.2568,-0.2989,-0.4110,0.569
0.881978,0.2361,-0.2801,-0.4295,0.565
0.886785,0.1477,-0.2519,-0.4312,0.521
0.892311,0.0894,-0.2474,-0.3784,0.461
0.896729,0.0678,-0.2643,-0.2571,0.375
0.901531,0.0373,-0.2525,-0.0799,0.268
0.906219,0.0525,-0.2386,0.0959,0.262
0.911934,0.0843,-0.2108,0.2940,0.371
0.915336,0.0712,-0.1836,0.4313,0.474
0.923660,0.0967,-0.1738,0.4608,0.502
0.924908,0.0705,-0.1741,0.4878,0.523
0.935465,0.0191,-0.1724,0.4791,0.510
0.936552,-0.0240,-0.1997,0.4612,0.503
0.939706,-0.0447,-0.1916,0.4459,0.487
0.945308,-0.0055,-0.2199,0.4665,0.516
0.949381,0.0623,-0.2194,0.5025,0.552
0.953645,0.0580,-0.2055,0.5076,0.551
0.958489,0.0532,-0.1518,0.4771,0.503
0.962795,0.0526,-0.1013,0.3799,0.397
0.967474,0.0562,-0.0682,0.3115,0.324
0.973394,0.0995,-0.0547,0.2457,0.271
0.977766,0.1944,-0.0154,0.2662,0.330
0.982424,0.3078,-0.0483,0.2604,0.406
0.987143,0.4138,-0.0433,0.1830,0.455
0.991379,0.4411,0.0092,0.0938,0.451
0.996572,0.4572,0.0519,0.0048,0.460
1.000862,0.4047,0.0873,-0.0673,0.419
1.005556,0.3055,0.1373,-0.1944,0.387
1.010824,0.2362,0.1615,-0.2831,0.403
1.015686,0.2301,0.1456,-0.2954,0.402
1.020596,0.2221,0.1374,-0.2002,0.329
1.025375,0.1901,0.0699,-0.1148,0.233
1.031226,0.1387,0.0267,-0.0320,0.145
1.034162,0.0466,-0.0091,-0.0114,0.049
1.042439,-0.1293,-0.0136,0.0114,0.131
1.043823,-0.3150,0.0081,0.0749,0.324
1.048449,-0.3838,0.0584,0.1407,0.413
1.053819,-0.3673,0.0627,0.2424,0.445
1.058795,-0.2323,0.0304,0.3298,0.405
1.063414,-0.0482,0.0068,0.3790,0.382
1.068081,0.0970,-0.0179,0.3518,0.365
1.072588,0.2253,-0.0268,0.2939,0.371
1.077417,0.2919,-0.0221,0.2290,0.372
1.081800,0.2993,-0.0063,0.1811,0.350
1.086439,0.2763,-0.0006,0.1741,0.327
1.091919,0.2063,0.0191,0.0978,0.229
1.096881,0.1632,0.0053,0.0432,0.169
1.101967,0.1177,0.0370,0.0173,0.125
1.106269,0.1152,0.0378,0.0129,0.122
1.110898,0.0646,0.0007,0.0347,0.073
1.115137,0.0447,-0.0025,-0.0247,0.051
1.123395,-0.0154,0.0091,-0.0813,0.083
1.128107,-0.0511,0.0165,-0.0878,0.103
1.133721,-0.0961,0.0030,-0.0825,0.127
1.134685,-0.1596,-0.0170,-0.1295,0.206
1.139164,-0.1729,0.0065,-0.1501,0.229
1.144266,-0.2078,-0.0029,-0.1399,0.251
1.149189,-0.2428,0.0262,-0.1536,0.289
1.153012,-0.2165,0.0365,-0.1483,0.265
1.157819,-0.2289,0.0589,-0.1312,0.270
1.162580,-0.1611,0.0505,-0.1026,0.198
1.167164,-0.0753,0.0140,-0.0908,0.119
1.172795,-0.0067,-0.0079,-0.0625,0.063
1.177457,0.0737,-0.0128,-0.0511,0.091
1.182121,0.1207,-0.0223,0.0029,0.123
1.187105,0.1511,-0.0365,0.0565,0.165
1.191089,0.1245,-0.0318,0.1429,0.192
1.196017,0.0695,-0.0559,0.2168,0.234
1.201508,0.0336,-0.0587,0.2498,0.259
1.205301,0.0118,-0.0881,0.2779,0.292
1.210969,-0.0080,-0.1200,0.2369,0.266
1.215364,-0.0633,-0.1166,0.1680,0.214
1.220455,-0.0756,-0.1111,0.1305,0.187
1.225077,-0.0829,-0.0869,0.1100,0.163
1.230917,-0.0474,-0.0823,0.1159,0.150
1.242080,-0.0193,-0.0897,0.1265,0.156
1.243030,0.0300,-0.0805,0.0801,0.117
1.243430,0.0739,-0.0784,0.0530,0.120
1.247912,0.1151,-0.0477,-0.0072,0.125
1.253373,0.1016,-0.0572,-0.0550,0.129
1.258378,0.0933,-0.0119,-0.0692,0.117
1.263141,0.0522,0.0191,-0.0359,0.066
1.267711,0.0710,0.0214,0.0375,0.083
1.271888,0.0634,0.0185,0.1269,0.143
1.276790,0.0436,-0.0013,0.1634,0.169
1.281336,0.0426,-0.0072,0.1832,0.188
1.285937,0.0484,0.0173,0.1554,0.164
1.291611,0.0637,0.0031,0.1279,0.143
1.296389,0.0909,0.0312,0.0676,0.117
1.300944,0.1179,0.0421,0.0624,0.140
1.305577,0.1138,-0.0043,0.0478,0.123
1.310302,0.1380,-0.0149,0.0690,0.155
1.314542,0.1642,-0.0161,0.0378,0.169
1.319051,0.1380,-0.0029,0.0306,0.141
1.324073,0.1146,-0.0065,-0.0003,0.115
1.328758,0.1294,0.0161,0.0071,0.131
1.333855,0.0962,0.0504,0.1520,0.187
1.338436,0.0298,0.0390,0.2340,0.239
1.343579,-0.0291,0.0579,0.2823,0.290
1.348548,-0.0739,0.0403,0.3517,0.362
1.352983,-0.0815,0.0623,0.3542,0.369
1.358383,-0.0969,0.0740,0.2952,0.319
1.362213,-0.1174,0.0660,0.1892,0.232
1.367616,-0.0381,0.0623,0.1365,0.155
1.372312,0.0164,0.1033,0.1413,0.176
1.377112,0.1004,0.1105,0.1460,0.209
1.381848,0.2397,0.0917,0.1223,0.284
1.387331,0.3809,0.0896,0.1817,0.431
1.392017,0.3524,0.1568,0.2619,0.466
1.395442,0.2521,0.2952,0.3816,0.544
1.400966,0.2202,0.3880,0.4693,0.647
1.405027,0.3430,0.4431,0.5608,0.793
1.409748,0.5096,0.5764,0.5774,0.962
1.414973,0.5923,0.8595,0.2747,1.079
1.419863,0.7047,0.8498,0.2224,1.126
1.426127,1.1461,0.6581,0.3286,1.362
1.429198,1.6710,0.7595,0.2334,1.850
1.433351,2.2570,1.1132,0.1445,2.521
1.437890,2.5031,1.2664,0.1858,2.811
1.442959,2.6782,1.0754,0.0456,2.886
1.447723,3.6391,1.5555,0.7320,4.025
1.453304,4.6746,2.3633,0.8779,5.311
1.457954,4.4203,2.0822,0.2880,4.895
1.462561,4.8032,1.6422,-0.0303,5.076
1.467484,6.0135,1.8863,-0.0288,6.302
1.471586,6.8712,2.5489,-0.0134,7.329
1.476665,6.7263,1.8555,-0.8215,7.026
1.481066,6.9052,1.4020,-0.5094,7.064
1.485743,7.4745,0.8693,-0.0364,7.525
1.491232,8.1476,0.1956,-0.1005,8.151
1.495997,8.8156,-0.2806,-0.4171,8.830
1.500788,9.2603,-0.1593,-0.5535,9.278
1.505373,9.3639,0.4313,-0.7348,9.403
1.510273,9.3721,0.8950,-0.8847,9.456
1.514435,9.4618,1.0026,-1.1232,9.581
1.520444,9.4914,0.9228,-1.3145,9.626
1.530148,9.3867,0.7317,-1.3753,9.515
1.531176,9.1559,0.3363,-1.4089,9.270
1.533744,9.0014,0.0544,-1.3457,9.102
1.538522,8.9716,-0.0118,-1.0948,9.038
1.543342,8.7934,-0.2224,-0.9980,8.853
1.549322,8.6928,-0.4767,-1.0021,8.763
1.552604,8.7540,-0.7039,-0.8463,8.823
1.557610,8.9709,-0.8386,-0.4967,9.024
1.561778,9.2883,-0.8639,-0.1230,9.329
1.566554,9.6738,-0.8107,0.1887,9.710
1.572239,10.1187,-0.8553,0.4579,10.165
1.583433,10.6575,-1.0061,0.6582,10.725
1.584618,11.2553,-1.3000,0.7370,11.354
1.593966,11.8310,-1.5392,0.8450,11.961
1.595201,12.3813,-1.7553,1.1043,12.554
1.595818,12.8241,-1.9434,1.1729,13.023
1.599522,13.1201,-2.0748,1.0558,13.325
1.604568,13.1805,-2.3454,0.9343,13.420
1.609399,13.1993,-2.5734,0.9423,13.481
1.616087,13.4436,-2.7412,1.4888,13.801
1.619563,13.5480,-2.9203,1.6365,13.955
1.624278,13.6587,-3.1535,1.6846,14.119
1.629300,13.7851,-3.3594,1.7504,14.296
1.636166,13.9414,-3.4972,1.8149,14.488
1.637783,14.2017,-3.6892,1.9092,14.797
1.646009,14.5656,-3.9074,2.0455,15.219
1.647616,15.0959,-4.1335,2.0300,15.783
1.652711,15.5523,-4.3466,1.8940,16.259
1.657413,15.8959,-4.4804,1.7234,16.605
1.662336,16.2175,-4.5980,1.5492,16.928
1.667129,16.5413,-4.7690,1.3253,17.266
1.671108,16.8730,-5.1421,1.0273,17.669
1.675921,16.9844,-5.4322,0.5662,17.841
1.681366,16.7567,-5.7800,-0.0155,17.726
1.685215,16.3467,-6.2606,-0.4671,17.511
1.690591,15.6735,-6.7697,-1.1592,17.112
1.695096,14.9948,-7.8080,-1.2088,16.949
1.699879,14.2068,-9.0150,-1.2302,16.871
1.704983,13.2471,-10.0118,-1.3230,16.658
1.709819,12.2324,-11.2227,-1.4222,16.661
1.714547,11.0571,-12.4931,-1.5991,16.760
1.718750,9.9197,-13.6970,-1.7817,17.005
1.723640,8.7772,-14.9334,-1.8935,17.425
1.728464,7.6902,-16.1146,-1.9206,17.959
1.735492,6.5506,-17.0411,-2.0284,18.369
1.738453,5.4607,-17.7280,-1.9642,18.654
1.745348,4.5866,-18.3704,-1.6855,19.009
1.748938,3.7576,-18.6830,-1.2909,19.101
1.751970,2.8675,-18.8065,-1.0537,19.053
1.757157,1.7927,-18.7106,-0.9026,18.818
1.761255,0.9403,-18.5861,-0.7109,18.623
1.765973,0.3758,-18.6215,-0.6941,18.638
1.771517,0.2135,-18.8303,-0.5865,18.841
1.776617,0.1670,-19.2639,-0.1680,19.265
1.780847,0.0364,-19.5577,0.6451,19.568
1.785653,-0.5275,-19.3748,1.5733,19.446
1.790206,-1.1655,-18.8996,2.5380,19.105
1.794584,-1.5275,-18.3166,3.1976,18.656
1.799437,-1.3567,-18.1146,3.8469,18.568
1.804578,-1.0705,-18.1725,4.0152,18.642
1.808862,-0.9649,-18.4813,3.9346,18.920
1.814193,-1.2143,-18.5455,3.8708,18.984
1.818972,-1.6719,-18.2283,4.0179,18.741
1.825708,-2.2256,-17.6557,4.1750,18.279
1.828805,-2.8980,-17.2437,4.1990,17.983
1.833295,-3.8504,-17.0034,4.1403,17.919
1.837453,-4.9984,-16.7965,4.0513,17.987
1.842161,-5.9947,-16.4013,3.8699,17.886
1.846966,-6.6312,-15.7213,3.8087,17.483
1.852579,-7.0829,-14.7786,3.8846,16.842
1.857304,-7.4254,-13.8187,3.9091,16.167
1.862372,-7.6737,-13.0823,3.7391,15.621
1.866537,-7.8669,-12.4941,3.4181,15.155
1.871968,-8.0989,-11.9522,3.0730,14.761
1.875575,-8.1601,-11.5092,2.8422,14.392
1.880317,-8.1632,-11.0025,2.5725,13.940
1.885093,-7.8151,-10.6354,2.4477,13.423
1.889926,-7.3962,-10.1720,2.1808,12.764
1.895371,-6.9500,-9.5875,2.0898,12.025
1.899836,-6.5174,-8.9863,2.0336,11.286
1.904774,-6.2282,-8.7004,1.7802,10.847
1.909293,-6.0913,-8.3848,1.5803,10.484
1.913980,-5.9944,-7.9650,1.3021,10.053
1.918420,-5.7709,-7.5285,1.0623,9.545
1.927025,-5.3870,-7.0513,0.8847,8.918
1.928097,-4.9896,-6.4693,0.8076,8.210
1.936585,-4.6804,-5.8912,0.7669,7.563
1.938762,-4.4309,-5.4716,0.7820,7.084
1.942445,-4.3993,-5.5203,-0.0527,7.059
1.947242,-4.3687,-5.3391,-0.4051,6.911
1.951470,-4.2335,-4.8817,-0.0800,6.462
1.956275,-4.2446,-4.3372,0.2260,6.073
1.961252,-4.1333,-3.8994,0.3786,5.695
1.966055,-3.8016,-3.8488,0.3416,5.421
1.971585,-3.4339,-3.8164,0.1987,5.138
1.976353,-3.0710,-3.5989,0.0575,4.731
1.980758,-2.8268,-3.5004,-0.2875,4.508
1.985643,-2.7003,-3.3774,-0.5567,4.360
1.990308,-2.6580,-3.0889,-0.6140,4.121
1.994726,-2.5232,-2.9214,-0.6079,3.908
1.999139,-2.2673,-2.7387,-0.4979,3.590
2.004363,-2.0818,-2.5505,-0.4633,3.325
2.008667,-1.9353,-2.4984,-0.4657,3.194
2.014189,-1.9286,-2.3745,-0.4236,3.088
2.018860,-1.9810,-2.1430,-0.3347,2.937
2.025194,-2.0857,-1.8106,-0.2876,2.777
2.028670,-2.2114,-1.4630,-0.2514,2.663
2.035935,-2.0109,-1.3720,-0.1692,2.440
2.037188,-1.7296,-1.3818,-0.1796,2.221
2.041719,-1.4739,-1.4880,-0.1918,2.103
2.046551,-1.1759,-1.6794,-0.2317,2.063
2.052246,-0.8209,-1.7322,-0.1364,1.922
2.056807,-0.5863,-1.6765,0.0108,1.776
2.062400,-0.3581,-1.5928,0.2680,1.654
2.066234,-0.2247,-1.3942,0.7671,1.607
2.071283,-0.2721,-1.1782,1.2506,1.740
2.075321,-0.5090,-0.8647,1.6043,1.892
2.080002,-0.7682,-0.5480,1.7164,1.959
2.084771,-1.0015,-0.2113,1.6709,1.960
2.089548,-1.2345,0.2417,1.5297,1.981
2.095601,-1.5975,0.9758,0.2858,1.894
2.099653,-1.8236,1.3243,-0.4403,2.296
2.104665,-2.1028,1.2853,-0.7193,2.567
2.109281,-2.5127,1.1759,-0.2559,2.786
2.113385,-2.8032,0.9512,0.3945,2.986
2.118070,-2.7704,0.6515,0.5889,2.906
2.124095,-2.4187,0.2812,0.2610,2.449
2.128340,-2.0073,0.0028,-0.2085,2.018
2.133903,-1.6348,-0.3202,-0.6331,1.782
2.137636,-1.3978,-0.7287,-0.8264,1.780
2.142062,-1.3345,-1.0055,-0.6977,1.811
2.146999,-1.4738,-1.0655,-0.2685,1.838
2.151890,-1.5696,-1.0105,0.1960,1.877
2.156048,-1.5846,-1.0016,0.4689,1.932
2.161795,-1.5049,-0.9437,0.5125,1.849
2.165636,-1.4192,-0.8396,0.4468,1.708
2.170900,-1.3237,-0.7633,0.3553,1.569
2.176067,-1.2817,-0.6097,0.2884,1.448
2.180634,-1.3113,-0.4381,0.2554,1.406
2.185512,-1.3643,-0.2675,0.1846,1.403
2.190044,-1.4239,-0.1741,0.0450,1.435
2.195011,-1.4045,-0.1454,-0.0775,1.414
2.198935,-1.2838,-0.1617,-0.2116,1.311
2.203677,-1.0789,-0.1391,-0.2116,1.108
2.208577,-0.8462,-0.0939,-0.1399,0.863
2.213585,-0.7827,-0.0405,-0.0256,0.784
2.219411,-0.6255,-0.0510,0.1601,0.648
2.223238,-0.4766,-0.0588,0.3310,0.583
2.232474,-0.2381,-0.0457,0.4205,0.485
2.233496,0.0103,-0.0504,0.3619,0.366
2.243665,0.1780,0.0126,0.2323,0.293
2.244631,0.1860,0.1792,0.1178,0.284
2.246324,0.0475,0.3251,0.0541,0.333
2.251498,-0.2302,0.4793,0.0437,0.533
2.256714,-0.6168,0.5704,0.0048,0.840
2.261329,-0.9401,0.6157,-0.0626,1.126
2.266265,-1.2033,0.5939,-0.1228,1.347
2.271168,-1.3634,0.4863,-0.1712,1.458
2.274963,-1.4278,0.3242,-0.1195,1.469
2.280034,-1.4012,0.0768,-0.0896,1.406
2.284452,-1.3282,-0.1675,-0.1006,1.342
2.289267,-1.2461,-0.3893,-0.1478,1.314
2.294421,-1.1923,-0.5001,-0.1331,1.300
2.299179,-1.1114,-0.5642,-0.0352,1.247
2.304093,-1.0264,-0.5936,0.1004,1.190
2.308825,-0.9699,-0.5931,0.1782,1.151
2.312754,-0.9002,-0.5674,0.2077,1.084
2.318090,-0.8094,-0.5383,0.1869,0.990
2.322371,-0.6685,-0.4891,0.1230,0.837
2.330584,-0.5880,-0.4654,0.0329,0.751
2.332395,-0.5661,-0.4217,-0.0356,0.707
2.337958,-0.5945,-0.3870,-0.0300,0.710
2.341664,-0.5741,-0.3570,0.0379,0.677
2.346465,-0.5467,-0.3104,0.1011,0.637
2.350577,-0.5277,-0.2764,0.1764,0.621
2.355658,-0.4943,-0.2122,0.2447,0.591
2.360530,-0.4567,-0.2088,0.2941,0.582
2.365101,-0.4320,-0.2160,0.2862,0.561
2.370170,-0.4054,-0.2242,0.2260,0.515
2.375355,-0.3525,-0.2354,0.1923,0.465
2.380196,-0.2673,-0.2617,0.2018,0.425
2.388671,-0.1679,-0.2625,0.2142,0.378
2.390157,-0.0745,-0.3215,0.1913,0.381
2.393638,-0.0249,-0.3596,0.1617,0.395
2.398171,-0.0880,-0.3860,0.0682,0.402
2.403185,-0.2379,-0.3669,0.0371,0.439
2.408017,-0.3889,-0.3069,0.0276,0.496
2.413397,-0.5300,-0.2250,-0.0107,0.576
2.418439,-0.6189,-0.1640,-0.1209,0.652
2.422769,-0.6846,-0.1499,-0.2076,0.731
2.427493,-0.6751,-0.0653,-0.2758,0.732
2.431677,-0.5960,-0.0295,-0.2181,0.635
2.439082,-0.5171,-0.0166,-0.1111,0.529
2.441226,-0.3424,-0.0242,-0.0289,0.344
2.447928,-0.0636,-0.0215,0.0051,0.067
2.451353,0.0881,-0.0495,-0.0138,0.102
2.455909,0.1425,-0.0772,0.0175,0.163
2.460648,0.0999,-0.0929,0.0681,0.152
2.465634,0.0705,-0.0726,0.0877,0.134
2.470269,0.0398,-0.0474,0.0070,0.062
2.474826,0.0483,0.0064,0.0031,0.049
2.479326,0.0166,0.0436,0.0064,0.047
2.484912,-0.0658,0.0546,0.0334,0.092
2.489250,-0.1299,0.0489,0.0364,0.144
2.494140,-0.1906,0.0529,0.0296,0.200
2.499252,-0.2645,0.0592,0.0490,0.275
2.503621,-0.2871,0.0533,0.0587,0.298
2.508519,-0.2820,0.0373,0.0708,0.293
2.513614,-0.2445,-0.0245,0.0711,0.256
2.518637,-0.2152,-0.0870,0.1002,0.253
2.522709,-0.2204,-0.0999,0.1366,0.278
2.526917,-0.2146,-0.0918,0.1588,0.282
2.532449,-0.1735,-0.0796,0.1596,0.249
2.538921,-0.1592,-0.0822,0.1463,0.231
2.541775,-0.1069,-0.0902,0.1524,0.207
2.550540,-0.0446,-0.1002,0.1694,0.202
2.551554,0.0486,-0.1557,0.2032,0.261
2.555333,0.1590,-0.1848,0.2276,0.334
2.560135,0.2897,-0.2307,0.2144,0.428
2.564830,0.3701,-0.2693,0.1118,0.471
2.569502,0.3815,-0.2696,0.0462,0.469
2.574881,0.3407,-0.3242,-0.0090,0.470
2.579972,0.2428,-0.2166,-0.1230,0.348
2.584671,0.0683,-0.1019,-0.2551,0.283
2.588727,-0.1120,-0.0700,-0.3820,0.404
2.593327,-0.2565,-0.0559,-0.4398,0.512
2.598244,-0.3425,-0.0334,-0.3986,0.527
2.603340,-0.3681,0.0070,-0.3825,0.531
2.607518,-0.3427,0.0224,-0.5383,0.638
2.612866,-0.3167,0.0296,-0.4968,0.590
2.617503,-0.2908,-0.0213,-0.3286,0.439
2.622076,-0.3032,-0.0970,-0.2315,0.394
2.627079,-0.3012,-0.1666,-0.1550,0.377
2.631963,-0.2965,-0.1903,-0.0275,0.353
2.635623,-0.2964,-0.1927,0.0916,0.365
2.640617,-0.3054,-0.1938,0.2097,0.418
2.645374,-0.3471,-0.1797,0.3106,0.499
2.651498,-0.3573,-0.1606,0.3852,0.549
2.655326,-0.3242,-0.1487,0.5523,0.657
2.660296,-0.2739,-0.1348,0.6574,0.725
2.664850,-0.2180,-0.1235,0.6629,0.709
2.669584,-0.1300,-0.0908,0.6028,0.623
2.673918,-0.0619,-0.0528,0.5345,0.541
2.678947,-0.0252,-0.0114,0.4721,0.473
2.683535,0.0397,-0.0065,0.3701,0.372
2.688290,-0.0240,-0.1013,0.2525,0.273
2.693610,-0.1182,-0.0452,0.1473,0.194
2.698321,-0.1457,0.0473,-0.0122,0.154
2.702996,-0.1666,0.1477,-0.1334,0.260
2.709556,-0.2235,0.1924,-0.2571,0.391
